artifact	entry	kind	artifact_sha256	entry_sha256	entry_size_bytes	package	version_code	version_name	apk_role	signer_sha256	signer_dn	signature_schemes	source_stamp_verified	source_stamp_sha256	source_url	retrieved_at	source_status
prime-video-mobile-3.0.466.2047.apk	-	apk	4f04bf217150887ec6bb503ff11f400894bb2dec311831118213d9f9802ea5ae	4f04bf217150887ec6bb503ff11f400894bb2dec311831118213d9f9802ea5ae	194568330	com.amazon.avod.thirdpartyclient	466002047	3.0.466.2047	base	2f19adeb284eb36f7f07786152b9a1d14b21653203ad0b04ebbf9c73ab6d7625	CN=Amazon Services LLC, OU="Java Object Signing O=Amazon Services LLC L=Las Vegas", ST="Nevada C=US"	v2	false		https://play.google.com/store/apps/details?id=com.amazon.avod.thirdpartyclient	2026-08-11T21:01:25Z	resolved
apple-tv-latest.xapk	-	xapk-container	60061ce1cc918fe8ce464fe7e4149ecb158f8470a52dc77943766c41203e0894	-	111647324	-	-	-	-	-	-	-	-	-	-	-	unresolved
apple-tv-latest.xapk	com.apple.atve.androidtv.appletv.apk	xapk-member	60061ce1cc918fe8ce464fe7e4149ecb158f8470a52dc77943766c41203e0894	6f2893c493344f0561d34f928660d3ff7a12dfed6797c47972ef59fba10bcc10	32690243	com.apple.atve.androidtv.appletv	2050085	2.5.0	base	771d8674d3d9837c9edf11b11873443998f19105abcecab425ed9b8e6fefff9b	CN=Android, OU=Android, O=Google Inc., L=Mountain View, ST=California, C=US	v3	true	3257d599a49d2c961a471ca9843f59d341a405884583fc087df4237b733bbd6d	-	-	unresolved
apple-tv-latest.xapk	config.arm64_v8a.apk	xapk-member	60061ce1cc918fe8ce464fe7e4149ecb158f8470a52dc77943766c41203e0894	5eac94ca292a0a72cc7f4ae699fa28060f61aee550859e4ab5f7c2369a6d21db	78103878	com.apple.atve.androidtv.appletv	2050085		split:config.arm64_v8a	771d8674d3d9837c9edf11b11873443998f19105abcecab425ed9b8e6fefff9b	CN=Android, OU=Android, O=Google Inc., L=Mountain View, ST=California, C=US	v1,v2,v3	true	3257d599a49d2c961a471ca9843f59d341a405884583fc087df4237b733bbd6d	-	-	unresolved
apple-tv-latest.xapk	config.en.apk	xapk-member	60061ce1cc918fe8ce464fe7e4149ecb158f8470a52dc77943766c41203e0894	dd0ea0bfd7ade562ce2dd393eb5537bf7214062b6d69ffbce5f0f52db8074d5c	528793	com.apple.atve.androidtv.appletv	2050085		split:config.en	771d8674d3d9837c9edf11b11873443998f19105abcecab425ed9b8e6fefff9b	CN=Android, OU=Android, O=Google Inc., L=Mountain View, ST=California, C=US	v1,v2,v3	true	3257d599a49d2c961a471ca9843f59d341a405884583fc087df4237b733bbd6d	-	-	unresolved
apple-tv-latest.xapk	config.mdpi.apk	xapk-member	60061ce1cc918fe8ce464fe7e4149ecb158f8470a52dc77943766c41203e0894	dffa3c5392a3e5159e2b6fe0fa9f0a542d6b2967914db464c86d4c600dd50014	235957	com.apple.atve.androidtv.appletv	2050085		split:config.mdpi	771d8674d3d9837c9edf11b11873443998f19105abcecab425ed9b8e6fefff9b	CN=Android, OU=Android, O=Google Inc., L=Mountain View, ST=California, C=US	v1,v2,v3	true	3257d599a49d2c961a471ca9843f59d341a405884583fc087df4237b733bbd6d	-	-	unresolved
disneyplus-arm64.xapk	-	xapk-container	7063362ff83543820666598746861bf2bf2f530d230e18a5c4825f2342192886	-	68902704	-	-	-	-	-	-	-	-	-	-	-	unresolved
disneyplus-arm64.xapk	com.disney.disneyplus.apk	xapk-member	7063362ff83543820666598746861bf2bf2f530d230e18a5c4825f2342192886	a2e61621fcd7715a04c5fc3d2920fbde1a108c254e4c0e79a315a68a80dd60e5	46527509	com.disney.disneyplus	178407745	26.12.1+rc1-2026.07.15	base	b4d251e979ea974d8f070feb5ab69fc4c2873f4e8add421ff63ad5f2789d63d4	CN=Android, OU=Android, O=Google Inc., L=Mountain View, ST=California, C=US	v1,v2,v3	true	3257d599a49d2c961a471ca9843f59d341a405884583fc087df4237b733bbd6d	-	-	unresolved
disneyplus-arm64.xapk	config.arm64_v8a.apk	xapk-member	7063362ff83543820666598746861bf2bf2f530d230e18a5c4825f2342192886	c8ee55ff858a5a5d094e2018ba0993ff55caa7201853ca177a06866fc3bebbbc	21570367	com.disney.disneyplus	178407745		split:config.arm64_v8a	b4d251e979ea974d8f070feb5ab69fc4c2873f4e8add421ff63ad5f2789d63d4	CN=Android, OU=Android, O=Google Inc., L=Mountain View, ST=California, C=US	v1,v2,v3	true	3257d599a49d2c961a471ca9843f59d341a405884583fc087df4237b733bbd6d	-	-	unresolved
disneyplus-arm64.xapk	config.en.apk	xapk-member	7063362ff83543820666598746861bf2bf2f530d230e18a5c4825f2342192886	826773d9baf12aa8b6f52a40a3c31ef9e2e5afca3d3163fd5ef6ba6abacd8844	287129	com.disney.disneyplus	178407745		split:config.en	b4d251e979ea974d8f070feb5ab69fc4c2873f4e8add421ff63ad5f2789d63d4	CN=Android, OU=Android, O=Google Inc., L=Mountain View, ST=California, C=US	v1,v2,v3	true	3257d599a49d2c961a471ca9843f59d341a405884583fc087df4237b733bbd6d	-	-	unresolved
disneyplus-arm64.xapk	config.xxhdpi.apk	xapk-member	7063362ff83543820666598746861bf2bf2f530d230e18a5c4825f2342192886	c182541cc8f01fc9113f1f24b7271d57b4c819f6653b0fb3f23ee524903cafbe	515778	com.disney.disneyplus	178407745		split:config.xxhdpi	b4d251e979ea974d8f070feb5ab69fc4c2873f4e8add421ff63ad5f2789d63d4	CN=Android, OU=Android, O=Google Inc., L=Mountain View, ST=California, C=US	v1,v2,v3	true	3257d599a49d2c961a471ca9843f59d341a405884583fc087df4237b733bbd6d	-	-	unresolved
disneyplus-latest.xapk	-	xapk-container	9e101a12c20316b3856d8204cc92ca5c0722d61fb148b47f45c304a45ad9b4f3	-	42685347	-	-	-	-	-	-	-	-	-	-	-	unresolved
disneyplus-latest.xapk	com.disney.disneyplus.apk	xapk-member	9e101a12c20316b3856d8204cc92ca5c0722d61fb148b47f45c304a45ad9b4f3	fb2fc6e56bee07c5129717d99dcaa7b3765332c67c0659ebc32da5ce46b7489e	24309735	com.disney.disneyplus	1785372530	26.13.0+rc6-2026.07.30	base	b4d251e979ea974d8f070feb5ab69fc4c2873f4e8add421ff63ad5f2789d63d4	CN=Android, OU=Android, O=Google Inc., L=Mountain View, ST=California, C=US	v1,v2,v3	true	3257d599a49d2c961a471ca9843f59d341a405884583fc087df4237b733bbd6d	-	-	unresolved
disneyplus-latest.xapk	config.fr.apk	xapk-member	9e101a12c20316b3856d8204cc92ca5c0722d61fb148b47f45c304a45ad9b4f3	cd60e9fe508ed851608788a3280ff238428cfd6cc5f13e5bed05255d1c0655b7	119193	com.disney.disneyplus	1785372530		split:config.fr	b4d251e979ea974d8f070feb5ab69fc4c2873f4e8add421ff63ad5f2789d63d4	CN=Android, OU=Android, O=Google Inc., L=Mountain View, ST=California, C=US	v1,v2,v3	true	3257d599a49d2c961a471ca9843f59d341a405884583fc087df4237b733bbd6d	-	-	unresolved
disneyplus-latest.xapk	config.ja.apk	xapk-member	9e101a12c20316b3856d8204cc92ca5c0722d61fb148b47f45c304a45ad9b4f3	7c88390521789caa9397caafabe883c013488d474287194ce116919db94113d9	94617	com.disney.disneyplus	1785372530		split:config.ja	b4d251e979ea974d8f070feb5ab69fc4c2873f4e8add421ff63ad5f2789d63d4	CN=Android, OU=Android, O=Google Inc., L=Mountain View, ST=California, C=US	v1,v2,v3	true	3257d599a49d2c961a471ca9843f59d341a405884583fc087df4237b733bbd6d	-	-	unresolved
disneyplus-latest.xapk	config.tr.apk	xapk-member	9e101a12c20316b3856d8204cc92ca5c0722d61fb148b47f45c304a45ad9b4f3	ae6bc71c931cb567b5580d5adecb67a71c6b8f5180227edf471944eb704aac13	90521	com.disney.disneyplus	1785372530		split:config.tr	b4d251e979ea974d8f070feb5ab69fc4c2873f4e8add421ff63ad5f2789d63d4	CN=Android, OU=Android, O=Google Inc., L=Mountain View, ST=California, C=US	v1,v2,v3	true	3257d599a49d2c961a471ca9843f59d341a405884583fc087df4237b733bbd6d	-	-	unresolved
disneyplus-latest.xapk	config.vi.apk	xapk-member	9e101a12c20316b3856d8204cc92ca5c0722d61fb148b47f45c304a45ad9b4f3	beb2d695572b6d4674523eb6bdbfdbade3a7bcf43c85645fc551096f638081db	90521	com.disney.disneyplus	1785372530		split:config.vi	b4d251e979ea974d8f070feb5ab69fc4c2873f4e8add421ff63ad5f2789d63d4	CN=Android, OU=Android, O=Google Inc., L=Mountain View, ST=California, C=US	v1,v2,v3	true	3257d599a49d2c961a471ca9843f59d341a405884583fc087df4237b733bbd6d	-	-	unresolved
disneyplus-latest.xapk	config.en.apk	xapk-member	9e101a12c20316b3856d8204cc92ca5c0722d61fb148b47f45c304a45ad9b4f3	73628db76963c20ebc60ed27ccda43399f529d0f1be66acef0d1b58a3b6bfdee	237977	com.disney.disneyplus	1785372530		split:config.en	b4d251e979ea974d8f070feb5ab69fc4c2873f4e8add421ff63ad5f2789d63d4	CN=Android, OU=Android, O=Google Inc., L=Mountain View, ST=California, C=US	v1,v2,v3	true	3257d599a49d2c961a471ca9843f59d341a405884583fc087df4237b733bbd6d	-	-	unresolved
disneyplus-latest.xapk	config.es.apk	xapk-member	9e101a12c20316b3856d8204cc92ca5c0722d61fb148b47f45c304a45ad9b4f3	35edffb9c7d264b7f79189bff8e58a95f099d7ddf32be4334c18edba686a8402	160153	com.disney.disneyplus	1785372530		split:config.es	b4d251e979ea974d8f070feb5ab69fc4c2873f4e8add421ff63ad5f2789d63d4	CN=Android, OU=Android, O=Google Inc., L=Mountain View, ST=California, C=US	v1,v2,v3	true	3257d599a49d2c961a471ca9843f59d341a405884583fc087df4237b733bbd6d	-	-	unresolved
disneyplus-latest.xapk	config.in.apk	xapk-member	9e101a12c20316b3856d8204cc92ca5c0722d61fb148b47f45c304a45ad9b4f3	7e61a9371d6b0e902ca19f93317f37e0c9959fcc5aa7daf74dc0f36c83de7972	90521	com.disney.disneyplus	1785372530		split:config.in	b4d251e979ea974d8f070feb5ab69fc4c2873f4e8add421ff63ad5f2789d63d4	CN=Android, OU=Android, O=Google Inc., L=Mountain View, ST=California, C=US	v1,v2,v3	true	3257d599a49d2c961a471ca9843f59d341a405884583fc087df4237b733bbd6d	-	-	unresolved
disneyplus-latest.xapk	config.ko.apk	xapk-member	9e101a12c20316b3856d8204cc92ca5c0722d61fb148b47f45c304a45ad9b4f3	f4761d80171bd982f33beb03c56845ca9493edaa06579c4cef3a5254b426e903	94617	com.disney.disneyplus	1785372530		split:config.ko	b4d251e979ea974d8f070feb5ab69fc4c2873f4e8add421ff63ad5f2789d63d4	CN=Android, OU=Android, O=Google Inc., L=Mountain View, ST=California, C=US	v1,v2,v3	true	3257d599a49d2c961a471ca9843f59d341a405884583fc087df4237b733bbd6d	-	-	unresolved
disneyplus-latest.xapk	config.pt.apk	xapk-member	9e101a12c20316b3856d8204cc92ca5c0722d61fb148b47f45c304a45ad9b4f3	61bddba05c0520899cc89fb9c5af9865c52e81ea4b38d3ad630c203c68097be5	123289	com.disney.disneyplus	1785372530		split:config.pt	b4d251e979ea974d8f070feb5ab69fc4c2873f4e8add421ff63ad5f2789d63d4	CN=Android, OU=Android, O=Google Inc., L=Mountain View, ST=California, C=US	v1,v2,v3	true	3257d599a49d2c961a471ca9843f59d341a405884583fc087df4237b733bbd6d	-	-	unresolved
disneyplus-latest.xapk	config.xhdpi.apk	xapk-member	9e101a12c20316b3856d8204cc92ca5c0722d61fb148b47f45c304a45ad9b4f3	eab2a334b383c6decd7e5dcb6c8b618b5c69c932b5b2cba3eef1915e446148aa	343215	com.disney.disneyplus	1785372530		split:config.xhdpi	b4d251e979ea974d8f070feb5ab69fc4c2873f4e8add421ff63ad5f2789d63d4	CN=Android, OU=Android, O=Google Inc., L=Mountain View, ST=California, C=US	v1,v2,v3	true	3257d599a49d2c961a471ca9843f59d341a405884583fc087df4237b733bbd6d	-	-	unresolved
disneyplus-latest.xapk	config.de.apk	xapk-member	9e101a12c20316b3856d8204cc92ca5c0722d61fb148b47f45c304a45ad9b4f3	4d460aca251bdcff09b79ac9845c338eefe3e67c2234b80bc62161e05fa2e10b	94617	com.disney.disneyplus	1785372530		split:config.de	b4d251e979ea974d8f070feb5ab69fc4c2873f4e8add421ff63ad5f2789d63d4	CN=Android, OU=Android, O=Google Inc., L=Mountain View, ST=California, C=US	v1,v2,v3	true	3257d599a49d2c961a471ca9843f59d341a405884583fc087df4237b733bbd6d	-	-	unresolved
disneyplus-latest.xapk	config.hi.apk	xapk-member	9e101a12c20316b3856d8204cc92ca5c0722d61fb148b47f45c304a45ad9b4f3	0117e72eaaed352f3662990165cb3cc679a491d0197f57a4a9212ce0d2928a8d	74137	com.disney.disneyplus	1785372530		split:config.hi	b4d251e979ea974d8f070feb5ab69fc4c2873f4e8add421ff63ad5f2789d63d4	CN=Android, OU=Android, O=Google Inc., L=Mountain View, ST=California, C=US	v1,v2,v3	true	3257d599a49d2c961a471ca9843f59d341a405884583fc087df4237b733bbd6d	-	-	unresolved
disneyplus-latest.xapk	config.it.apk	xapk-member	9e101a12c20316b3856d8204cc92ca5c0722d61fb148b47f45c304a45ad9b4f3	b60e73293cb1d1a782297bf44b43a35b8afaa5ec57228b6cfb8fc64efb7d9432	94617	com.disney.disneyplus	1785372530		split:config.it	b4d251e979ea974d8f070feb5ab69fc4c2873f4e8add421ff63ad5f2789d63d4	CN=Android, OU=Android, O=Google Inc., L=Mountain View, ST=California, C=US	v1,v2,v3	true	3257d599a49d2c961a471ca9843f59d341a405884583fc087df4237b733bbd6d	-	-	unresolved
disneyplus-latest.xapk	config.my.apk	xapk-member	9e101a12c20316b3856d8204cc92ca5c0722d61fb148b47f45c304a45ad9b4f3	a1d568968b526bc405a2640a72a83a639b3d4f7a18fc30e0c7d8faf0dd3c5114	78233	com.disney.disneyplus	1785372530		split:config.my	b4d251e979ea974d8f070feb5ab69fc4c2873f4e8add421ff63ad5f2789d63d4	CN=Android, OU=Android, O=Google Inc., L=Mountain View, ST=California, C=US	v1,v2,v3	true	3257d599a49d2c961a471ca9843f59d341a405884583fc087df4237b733bbd6d	-	-	unresolved
disneyplus-latest.xapk	config.ru.apk	xapk-member	9e101a12c20316b3856d8204cc92ca5c0722d61fb148b47f45c304a45ad9b4f3	864ccc042c16c19a2b5c677f66e608c815198b6bfdea8d4a81d75dacfc5173ce	94617	com.disney.disneyplus	1785372530		split:config.ru	b4d251e979ea974d8f070feb5ab69fc4c2873f4e8add421ff63ad5f2789d63d4	CN=Android, OU=Android, O=Google Inc., L=Mountain View, ST=California, C=US	v1,v2,v3	true	3257d599a49d2c961a471ca9843f59d341a405884583fc087df4237b733bbd6d	-	-	unresolved
disneyplus-latest.xapk	config.zh.apk	xapk-member	9e101a12c20316b3856d8204cc92ca5c0722d61fb148b47f45c304a45ad9b4f3	d4b39299b012c6f43861db392e6da7162afa3de1c389adcfae7c0b2ad499af11	184729	com.disney.disneyplus	1785372530		split:config.zh	b4d251e979ea974d8f070feb5ab69fc4c2873f4e8add421ff63ad5f2789d63d4	CN=Android, OU=Android, O=Google Inc., L=Mountain View, ST=California, C=US	v1,v2,v3	true	3257d599a49d2c961a471ca9843f59d341a405884583fc087df4237b733bbd6d	-	-	unresolved
disneyplus-latest.xapk	config.ar.apk	xapk-member	9e101a12c20316b3856d8204cc92ca5c0722d61fb148b47f45c304a45ad9b4f3	2563198c45e432fbdd3750eb69726e1581883053d4a6d0bf8c9d787991fec41d	94617	com.disney.disneyplus	1785372530		split:config.ar	b4d251e979ea974d8f070feb5ab69fc4c2873f4e8add421ff63ad5f2789d63d4	CN=Android, OU=Android, O=Google Inc., L=Mountain View, ST=California, C=US	v1,v2,v3	true	3257d599a49d2c961a471ca9843f59d341a405884583fc087df4237b733bbd6d	-	-	unresolved
disneyplus-latest.xapk	config.th.apk	xapk-member	9e101a12c20316b3856d8204cc92ca5c0722d61fb148b47f45c304a45ad9b4f3	2e395e59b6e8cdd68e2b7dc779520a448e89a381f6dd08db4b3364ae886f9ac9	94617	com.disney.disneyplus	1785372530		split:config.th	b4d251e979ea974d8f070feb5ab69fc4c2873f4e8add421ff63ad5f2789d63d4	CN=Android, OU=Android, O=Google Inc., L=Mountain View, ST=California, C=US	v1,v2,v3	true	3257d599a49d2c961a471ca9843f59d341a405884583fc087df4237b733bbd6d	-	-	unresolved
disneyplus-latest.xapk	config.armeabi_v7a.apk	xapk-member	9e101a12c20316b3856d8204cc92ca5c0722d61fb148b47f45c304a45ad9b4f3	8145d8a933de9739e12e26c04f266407631894dbf6307d99519281cf62b4a9a9	15860647	com.disney.disneyplus	1785372530		split:config.armeabi_v7a	b4d251e979ea974d8f070feb5ab69fc4c2873f4e8add421ff63ad5f2789d63d4	CN=Android, OU=Android, O=Google Inc., L=Mountain View, ST=California, C=US	v1,v2,v3	true	3257d599a49d2c961a471ca9843f59d341a405884583fc087df4237b733bbd6d	-	-	unresolved
flauncher-latest.apk	-	apk	36e13a97d92dbfa038f5af3976b05d86ea504ed664dd2ed0a21f3b560ce19cb4	36e13a97d92dbfa038f5af3976b05d86ea504ed664dd2ed0a21f3b560ce19cb4	26737553	me.efesser.flauncher	366	0.18.0	base	0dfffb6265da7a3397ee3f26003a0ae3bc10c6cbf568c811e1f1f8578d1d3bdc	CN=Android, OU=Android, O=Google Inc., L=Mountain View, ST=California, C=US	v1,v2,v3	true	3257d599a49d2c961a471ca9843f59d341a405884583fc087df4237b733bbd6d	-	-	unresolved
hbomax-latest.xapk	-	xapk-container	eea60f4477ff89b100044e1a62fadba3dbad01214542bae2be9829a087dcbebd	-	88171324	-	-	-	-	-	-	-	-	-	-	-	unresolved
hbomax-latest.xapk	com.wbd.hbomax.apk	xapk-member	eea60f4477ff89b100044e1a62fadba3dbad01214542bae2be9829a087dcbebd	dbbce929cd7b181e78b528c552e219ac0492aaaf7c576647955f3d67f0081def	49985349	com.wbd.hbomax	1827081004	7.8.1.4	base	619cbb027b715560b843d15a5599f900485af1cd4294097811a77609bc8273a8	CN=MLB Advanced Media - HBO NOW, O=MLB Advanced Media, L=New York, ST=NY, C=1	v2,v3	true	3257d599a49d2c961a471ca9843f59d341a405884583fc087df4237b733bbd6d	-	-	unresolved
hbomax-latest.xapk	config.nl.apk	xapk-member	eea60f4477ff89b100044e1a62fadba3dbad01214542bae2be9829a087dcbebd	e285303d105f6ba4cda2fb379a01a2d886e274b70b410b849061d94506e44290	73938	com.wbd.hbomax	1827081004		split:config.nl	619cbb027b715560b843d15a5599f900485af1cd4294097811a77609bc8273a8	CN=MLB Advanced Media - HBO NOW, O=MLB Advanced Media, L=New York, ST=NY, C=1	v2,v3	true	3257d599a49d2c961a471ca9843f59d341a405884583fc087df4237b733bbd6d	-	-	unresolved
hbomax-latest.xapk	config.arm64_v8a.apk	xapk-member	eea60f4477ff89b100044e1a62fadba3dbad01214542bae2be9829a087dcbebd	22f49563c4ab198ef64992e44e66f53ad3690c836e78c5e0b4ce47b11c0c3d15	18670042	com.wbd.hbomax	1827081004		split:config.arm64_v8a	619cbb027b715560b843d15a5599f900485af1cd4294097811a77609bc8273a8	CN=MLB Advanced Media - HBO NOW, O=MLB Advanced Media, L=New York, ST=NY, C=1	v2,v3	true	3257d599a49d2c961a471ca9843f59d341a405884583fc087df4237b733bbd6d	-	-	unresolved
hbomax-latest.xapk	config.ar.apk	xapk-member	eea60f4477ff89b100044e1a62fadba3dbad01214542bae2be9829a087dcbebd	8f38f0e571da74e729f8d1eb2875278b577027812fbf0a07ea16a728f8c9cc77	53458	com.wbd.hbomax	1827081004		split:config.ar	619cbb027b715560b843d15a5599f900485af1cd4294097811a77609bc8273a8	CN=MLB Advanced Media - HBO NOW, O=MLB Advanced Media, L=New York, ST=NY, C=1	v2,v3	true	3257d599a49d2c961a471ca9843f59d341a405884583fc087df4237b733bbd6d	-	-	unresolved
hbomax-latest.xapk	config.fr.apk	xapk-member	eea60f4477ff89b100044e1a62fadba3dbad01214542bae2be9829a087dcbebd	8d7623c923f772783c3bf13c2d7cf436e3fb4936216148d70efc83b8e794de19	102610	com.wbd.hbomax	1827081004		split:config.fr	619cbb027b715560b843d15a5599f900485af1cd4294097811a77609bc8273a8	CN=MLB Advanced Media - HBO NOW, O=MLB Advanced Media, L=New York, ST=NY, C=1	v2,v3	true	3257d599a49d2c961a471ca9843f59d341a405884583fc087df4237b733bbd6d	-	-	unresolved
hbomax-latest.xapk	config.ms.apk	xapk-member	eea60f4477ff89b100044e1a62fadba3dbad01214542bae2be9829a087dcbebd	0112aa52528e5ca49283fa3e30e65debdc7a7457f1f67405d61c9cd906a80ba2	73938	com.wbd.hbomax	1827081004		split:config.ms	619cbb027b715560b843d15a5599f900485af1cd4294097811a77609bc8273a8	CN=MLB Advanced Media - HBO NOW, O=MLB Advanced Media, L=New York, ST=NY, C=1	v2,v3	true	3257d599a49d2c961a471ca9843f59d341a405884583fc087df4237b733bbd6d	-	-	unresolved
hbomax-latest.xapk	config.ja.apk	xapk-member	eea60f4477ff89b100044e1a62fadba3dbad01214542bae2be9829a087dcbebd	579fa0ee63f4b6a681a5494978cc02458c40307f509abde82cb27ae3dc4037ab	49362	com.wbd.hbomax	1827081004		split:config.ja	619cbb027b715560b843d15a5599f900485af1cd4294097811a77609bc8273a8	CN=MLB Advanced Media - HBO NOW, O=MLB Advanced Media, L=New York, ST=NY, C=1	v2,v3	true	3257d599a49d2c961a471ca9843f59d341a405884583fc087df4237b733bbd6d	-	-	unresolved
hbomax-latest.xapk	config.in.apk	xapk-member	eea60f4477ff89b100044e1a62fadba3dbad01214542bae2be9829a087dcbebd	c23fd6a377cc9e6241d7e3138f742ebdbdfbc6625744939dfc4b05331fef74c0	69842	com.wbd.hbomax	1827081004		split:config.in	619cbb027b715560b843d15a5599f900485af1cd4294097811a77609bc8273a8	CN=MLB Advanced Media - HBO NOW, O=MLB Advanced Media, L=New York, ST=NY, C=1	v2,v3	true	3257d599a49d2c961a471ca9843f59d341a405884583fc087df4237b733bbd6d	-	-	unresolved
hbomax-latest.xapk	config.fi.apk	xapk-member	eea60f4477ff89b100044e1a62fadba3dbad01214542bae2be9829a087dcbebd	bcf5b389b386f43405b751f04b902e79eb03cc767f4e86a5305e235258ad6566	73938	com.wbd.hbomax	1827081004		split:config.fi	619cbb027b715560b843d15a5599f900485af1cd4294097811a77609bc8273a8	CN=MLB Advanced Media - HBO NOW, O=MLB Advanced Media, L=New York, ST=NY, C=1	v2,v3	true	3257d599a49d2c961a471ca9843f59d341a405884583fc087df4237b733bbd6d	-	-	unresolved
hbomax-latest.xapk	config.hi.apk	xapk-member	eea60f4477ff89b100044e1a62fadba3dbad01214542bae2be9829a087dcbebd	c04d057cad549ffef9a2991e14bf86e65eeb934cd4101b5972488a88f51e7f9a	57554	com.wbd.hbomax	1827081004		split:config.hi	619cbb027b715560b843d15a5599f900485af1cd4294097811a77609bc8273a8	CN=MLB Advanced Media - HBO NOW, O=MLB Advanced Media, L=New York, ST=NY, C=1	v2,v3	true	3257d599a49d2c961a471ca9843f59d341a405884583fc087df4237b733bbd6d	-	-	unresolved
hbomax-latest.xapk	config.uk.apk	xapk-member	eea60f4477ff89b100044e1a62fadba3dbad01214542bae2be9829a087dcbebd	d530f77bc374d9c17646339d56dec1d7652b05695cf33cacfbeabe219737b679	86226	com.wbd.hbomax	1827081004		split:config.uk	619cbb027b715560b843d15a5599f900485af1cd4294097811a77609bc8273a8	CN=MLB Advanced Media - HBO NOW, O=MLB Advanced Media, L=New York, ST=NY, C=1	v2,v3	true	3257d599a49d2c961a471ca9843f59d341a405884583fc087df4237b733bbd6d	-	-	unresolved
hbomax-latest.xapk	config.hu.apk	xapk-member	eea60f4477ff89b100044e1a62fadba3dbad01214542bae2be9829a087dcbebd	ca2d4d3c84141cc2b0ac00ffc0f5421b7e0f4cf8dfb7caa593f7db22240de790	73938	com.wbd.hbomax	1827081004		split:config.hu	619cbb027b715560b843d15a5599f900485af1cd4294097811a77609bc8273a8	CN=MLB Advanced Media - HBO NOW, O=MLB Advanced Media, L=New York, ST=NY, C=1	v2,v3	true	3257d599a49d2c961a471ca9843f59d341a405884583fc087df4237b733bbd6d	-	-	unresolved
hbomax-latest.xapk	config.tr.apk	xapk-member	eea60f4477ff89b100044e1a62fadba3dbad01214542bae2be9829a087dcbebd	3baa7c5bf2bd87e085b386490acc799fda23fe7646467d3a2c890b4d25ca8edf	73938	com.wbd.hbomax	1827081004		split:config.tr	619cbb027b715560b843d15a5599f900485af1cd4294097811a77609bc8273a8	CN=MLB Advanced Media - HBO NOW, O=MLB Advanced Media, L=New York, ST=NY, C=1	v2,v3	true	3257d599a49d2c961a471ca9843f59d341a405884583fc087df4237b733bbd6d	-	-	unresolved
hbomax-latest.xapk	config.ko.apk	xapk-member	eea60f4477ff89b100044e1a62fadba3dbad01214542bae2be9829a087dcbebd	7bd63c2f47756d32fb04bfab405923745371199434ef275374f1c4724b2d53b4	45266	com.wbd.hbomax	1827081004		split:config.ko	619cbb027b715560b843d15a5599f900485af1cd4294097811a77609bc8273a8	CN=MLB Advanced Media - HBO NOW, O=MLB Advanced Media, L=New York, ST=NY, C=1	v2,v3	true	3257d599a49d2c961a471ca9843f59d341a405884583fc087df4237b733bbd6d	-	-	unresolved
hbomax-latest.xapk	config.armeabi_v7a.apk	xapk-member	eea60f4477ff89b100044e1a62fadba3dbad01214542bae2be9829a087dcbebd	22cb3abc0a85090da2ac76d9480a86b397bf47d1c3af32f0c5c527b22666264d	16900578	com.wbd.hbomax	1827081004		split:config.armeabi_v7a	619cbb027b715560b843d15a5599f900485af1cd4294097811a77609bc8273a8	CN=MLB Advanced Media - HBO NOW, O=MLB Advanced Media, L=New York, ST=NY, C=1	v2,v3	true	3257d599a49d2c961a471ca9843f59d341a405884583fc087df4237b733bbd6d	-	-	unresolved
hbomax-latest.xapk	config.sv.apk	xapk-member	eea60f4477ff89b100044e1a62fadba3dbad01214542bae2be9829a087dcbebd	5b522b1b2d6061c27316fbc3a6dbcf2212dd1a95e4e5b6d3dda65121e46d8926	73938	com.wbd.hbomax	1827081004		split:config.sv	619cbb027b715560b843d15a5599f900485af1cd4294097811a77609bc8273a8	CN=MLB Advanced Media - HBO NOW, O=MLB Advanced Media, L=New York, ST=NY, C=1	v2,v3	true	3257d599a49d2c961a471ca9843f59d341a405884583fc087df4237b733bbd6d	-	-	unresolved
hbomax-latest.xapk	config.zh.apk	xapk-member	eea60f4477ff89b100044e1a62fadba3dbad01214542bae2be9829a087dcbebd	331fc8b9e921e2fbd822871c42a1a2acd83a9de4821728f807f80917ba3ed26a	135378	com.wbd.hbomax	1827081004		split:config.zh	619cbb027b715560b843d15a5599f900485af1cd4294097811a77609bc8273a8	CN=MLB Advanced Media - HBO NOW, O=MLB Advanced Media, L=New York, ST=NY, C=1	v2,v3	true	3257d599a49d2c961a471ca9843f59d341a405884583fc087df4237b733bbd6d	-	-	unresolved
hbomax-latest.xapk	config.es.apk	xapk-member	eea60f4477ff89b100044e1a62fadba3dbad01214542bae2be9829a087dcbebd	803b75852a7c27415bfbb9317a55cb7806a84d611f53aa7179c7e007a4b19905	106706	com.wbd.hbomax	1827081004		split:config.es	619cbb027b715560b843d15a5599f900485af1cd4294097811a77609bc8273a8	CN=MLB Advanced Media - HBO NOW, O=MLB Advanced Media, L=New York, ST=NY, C=1	v2,v3	true	3257d599a49d2c961a471ca9843f59d341a405884583fc087df4237b733bbd6d	-	-	unresolved
hbomax-latest.xapk	config.th.apk	xapk-member	eea60f4477ff89b100044e1a62fadba3dbad01214542bae2be9829a087dcbebd	41489254d572bfa8ba72fcbea1e25a51095935ec0f9b8d3504b3218b0fb73989	94418	com.wbd.hbomax	1827081004		split:config.th	619cbb027b715560b843d15a5599f900485af1cd4294097811a77609bc8273a8	CN=MLB Advanced Media - HBO NOW, O=MLB Advanced Media, L=New York, ST=NY, C=1	v2,v3	true	3257d599a49d2c961a471ca9843f59d341a405884583fc087df4237b733bbd6d	-	-	unresolved
hbomax-latest.xapk	config.pl.apk	xapk-member	eea60f4477ff89b100044e1a62fadba3dbad01214542bae2be9829a087dcbebd	669cf814ebdc829f03ea1d71f5effcb98c8280b4c616a4ab5357f89fd802da1e	73938	com.wbd.hbomax	1827081004		split:config.pl	619cbb027b715560b843d15a5599f900485af1cd4294097811a77609bc8273a8	CN=MLB Advanced Media - HBO NOW, O=MLB Advanced Media, L=New York, ST=NY, C=1	v2,v3	true	3257d599a49d2c961a471ca9843f59d341a405884583fc087df4237b733bbd6d	-	-	unresolved
hbomax-latest.xapk	config.de.apk	xapk-member	eea60f4477ff89b100044e1a62fadba3dbad01214542bae2be9829a087dcbebd	210be8865bf0270ae0c782419a1c48469a0571746e9dc49234f1dc5202c5e58f	73938	com.wbd.hbomax	1827081004		split:config.de	619cbb027b715560b843d15a5599f900485af1cd4294097811a77609bc8273a8	CN=MLB Advanced Media - HBO NOW, O=MLB Advanced Media, L=New York, ST=NY, C=1	v2,v3	true	3257d599a49d2c961a471ca9843f59d341a405884583fc087df4237b733bbd6d	-	-	unresolved
hbomax-latest.xapk	config.pt.apk	xapk-member	eea60f4477ff89b100044e1a62fadba3dbad01214542bae2be9829a087dcbebd	352dd18661d1e55472536be68d637c2194534a648f8c9c212b2b1b8e4878b3e6	106706	com.wbd.hbomax	1827081004		split:config.pt	619cbb027b715560b843d15a5599f900485af1cd4294097811a77609bc8273a8	CN=MLB Advanced Media - HBO NOW, O=MLB Advanced Media, L=New York, ST=NY, C=1	v2,v3	true	3257d599a49d2c961a471ca9843f59d341a405884583fc087df4237b733bbd6d	-	-	unresolved
hbomax-latest.xapk	config.en.apk	xapk-member	eea60f4477ff89b100044e1a62fadba3dbad01214542bae2be9829a087dcbebd	b24fab128e1473a4353e7e94d614a8e916ffebb0710e059ca1fae99795050481	168146	com.wbd.hbomax	1827081004		split:config.en	619cbb027b715560b843d15a5599f900485af1cd4294097811a77609bc8273a8	CN=MLB Advanced Media - HBO NOW, O=MLB Advanced Media, L=New York, ST=NY, C=1	v2,v3	true	3257d599a49d2c961a471ca9843f59d341a405884583fc087df4237b733bbd6d	-	-	unresolved
hbomax-latest.xapk	config.ru.apk	xapk-member	eea60f4477ff89b100044e1a62fadba3dbad01214542bae2be9829a087dcbebd	7ed07d1d133fd5cc6b7853bb817c7875312401b46e27fcd651b22c99a84a068f	86226	com.wbd.hbomax	1827081004		split:config.ru	619cbb027b715560b843d15a5599f900485af1cd4294097811a77609bc8273a8	CN=MLB Advanced Media - HBO NOW, O=MLB Advanced Media, L=New York, ST=NY, C=1	v2,v3	true	3257d599a49d2c961a471ca9843f59d341a405884583fc087df4237b733bbd6d	-	-	unresolved
hbomax-latest.xapk	config.it.apk	xapk-member	eea60f4477ff89b100044e1a62fadba3dbad01214542bae2be9829a087dcbebd	24cefc923a8bbfd006d08512fcc131843c64186d7fc98c71a80fda7f81a5807d	73938	com.wbd.hbomax	1827081004		split:config.it	619cbb027b715560b843d15a5599f900485af1cd4294097811a77609bc8273a8	CN=MLB Advanced Media - HBO NOW, O=MLB Advanced Media, L=New York, ST=NY, C=1	v2,v3	true	3257d599a49d2c961a471ca9843f59d341a405884583fc087df4237b733bbd6d	-	-	unresolved
hbomax-latest.xapk	config.xhdpi.apk	xapk-member	eea60f4477ff89b100044e1a62fadba3dbad01214542bae2be9829a087dcbebd	8fb7838cdadba2e2073734176699acae2acdf8db10a137fa60480f1d0d2d2754	426681	com.wbd.hbomax	1827081004		split:config.xhdpi	619cbb027b715560b843d15a5599f900485af1cd4294097811a77609bc8273a8	CN=MLB Advanced Media - HBO NOW, O=MLB Advanced Media, L=New York, ST=NY, C=1	v2,v3	true	3257d599a49d2c961a471ca9843f59d341a405884583fc087df4237b733bbd6d	-	-	unresolved
hbomax-latest.xapk	config.vi.apk	xapk-member	eea60f4477ff89b100044e1a62fadba3dbad01214542bae2be9829a087dcbebd	ba2f9ea22ca0a984193a72b01ad00c4787e1738535b5fa655a5228790c4b5281	73938	com.wbd.hbomax	1827081004		split:config.vi	619cbb027b715560b843d15a5599f900485af1cd4294097811a77609bc8273a8	CN=MLB Advanced Media - HBO NOW, O=MLB Advanced Media, L=New York, ST=NY, C=1	v2,v3	true	3257d599a49d2c961a471ca9843f59d341a405884583fc087df4237b733bbd6d	-	-	unresolved
hbomax-latest.xapk	config.et.apk	xapk-member	eea60f4477ff89b100044e1a62fadba3dbad01214542bae2be9829a087dcbebd	92a5339f4b55f66ce874e8f196c0dbe5f9f9571879faeea6eda8d475cd561061	73938	com.wbd.hbomax	1827081004		split:config.et	619cbb027b715560b843d15a5599f900485af1cd4294097811a77609bc8273a8	CN=MLB Advanced Media - HBO NOW, O=MLB Advanced Media, L=New York, ST=NY, C=1	v2,v3	true	3257d599a49d2c961a471ca9843f59d341a405884583fc087df4237b733bbd6d	-	-	unresolved
hulu-latest.apk	-	apk	e6de7f4f4bfd39fca574264eb17650a3aa26f874827f670a3412fcf70a8843df	e6de7f4f4bfd39fca574264eb17650a3aa26f874827f670a3412fcf70a8843df	20291547	com.hulu.plus	60010292	6.32.0+17694659-google	base	cfbdf8dcd96469243dde618ad6a12fa37685ba98f5c6f4c778ba9fbf75a8b145	CN=Hulu, OU=Hulu, O=Hulu, L=Los Angeles, ST=California, C=US	v2	false		-	-	unresolved
kodi-21.3-Omega-arm64-v8a.apk	-	apk	34e7526705a038fa12f70161d0c1cc38f10deb0fee305b46fbd46ff015d05b44	34e7526705a038fa12f70161d0c1cc38f10deb0fee305b46fbd46ff015d05b44	68167494	org.xbmc.kodi	2103000	21.3	base	f517b44b5db5e62a6c1ec55ba47526db7de0d61f6ba26a7987520e293499b8d5	CN=XBMC Foundation, OU=Android platform, O=XBMC Foundation, L=US, ST=US, C=us	v1,v2,v3	false		-	-	unresolved
max-arm64-6.16.0.70.xapk	-	xapk-container	f2e8aaa913807739553bdca8b82725d6759a87f12383b8d1dcdbf843c1f351ab	-	66877535	-	-	-	-	-	-	-	-	-	-	-	unresolved
max-arm64-6.16.0.70.xapk	config.arm64_v8a.apk	xapk-member	f2e8aaa913807739553bdca8b82725d6759a87f12383b8d1dcdbf843c1f351ab	704638f5337498489d58a9cfb30bc5b7a19ba39de9d88df5792cf7b34e56039b	1921625	com.wbd.stream	1800000516		split:config.arm64_v8a	619cbb027b715560b843d15a5599f900485af1cd4294097811a77609bc8273a8	CN=MLB Advanced Media - HBO NOW, O=MLB Advanced Media, L=New York, ST=NY, C=1	v1,v2,v3	true	3257d599a49d2c961a471ca9843f59d341a405884583fc087df4237b733bbd6d	-	-	unresolved
max-arm64-6.16.0.70.xapk	config.en.apk	xapk-member	f2e8aaa913807739553bdca8b82725d6759a87f12383b8d1dcdbf843c1f351ab	6b2880e3253975c85c210b20558561a698a4959ba1a0b57f7690d24d981fe1de	262553	com.wbd.stream	1800000516		split:config.en	619cbb027b715560b843d15a5599f900485af1cd4294097811a77609bc8273a8	CN=MLB Advanced Media - HBO NOW, O=MLB Advanced Media, L=New York, ST=NY, C=1	v1,v2,v3	true	3257d599a49d2c961a471ca9843f59d341a405884583fc087df4237b733bbd6d	-	-	unresolved
max-arm64-6.16.0.70.xapk	config.xxhdpi.apk	xapk-member	f2e8aaa913807739553bdca8b82725d6759a87f12383b8d1dcdbf843c1f351ab	06ac5e20c56de9c91894f28b4caa0ab5641b671632ad16863e75ca72a8c91aaa	419026	com.wbd.stream	1800000516		split:config.xxhdpi	619cbb027b715560b843d15a5599f900485af1cd4294097811a77609bc8273a8	CN=MLB Advanced Media - HBO NOW, O=MLB Advanced Media, L=New York, ST=NY, C=1	v1,v2,v3	true	3257d599a49d2c961a471ca9843f59d341a405884583fc087df4237b733bbd6d	-	-	unresolved
max-arm64-6.16.0.70.xapk	com.wbd.stream.apk	xapk-member	f2e8aaa913807739553bdca8b82725d6759a87f12383b8d1dcdbf843c1f351ab	b83cf1b2537748e068c8caea612f540337a5987248a02213b3b02d12dac4bf6d	121498243	com.wbd.stream	1800000516	6.16.0.70	base	619cbb027b715560b843d15a5599f900485af1cd4294097811a77609bc8273a8	CN=MLB Advanced Media - HBO NOW, O=MLB Advanced Media, L=New York, ST=NY, C=1	v2,v3	true	3257d599a49d2c961a471ca9843f59d341a405884583fc087df4237b733bbd6d	-	-	unresolved
max-arm64-6.16.0.70.xapk	config.xhdpi.apk	xapk-member	f2e8aaa913807739553bdca8b82725d6759a87f12383b8d1dcdbf843c1f351ab	c129186d891dfe3ef0dbe1f00043a38f45ac44326a6538e8a62e68b75ff4a487	361440	com.wbd.stream	1800000516		split:config.xhdpi	619cbb027b715560b843d15a5599f900485af1cd4294097811a77609bc8273a8	CN=MLB Advanced Media - HBO NOW, O=MLB Advanced Media, L=New York, ST=NY, C=1	v1,v2,v3	true	3257d599a49d2c961a471ca9843f59d341a405884583fc087df4237b733bbd6d	-	-	unresolved
max-arm64-6.16.0.70.xapk	config.pt.apk	xapk-member	f2e8aaa913807739553bdca8b82725d6759a87f12383b8d1dcdbf843c1f351ab	7c98a6d769c0a7916cde6658df1d4890003c891227e5ab26a41adf756341f977	233881	com.wbd.stream	1800000516		split:config.pt	619cbb027b715560b843d15a5599f900485af1cd4294097811a77609bc8273a8	CN=MLB Advanced Media - HBO NOW, O=MLB Advanced Media, L=New York, ST=NY, C=1	v1,v2,v3	true	3257d599a49d2c961a471ca9843f59d341a405884583fc087df4237b733bbd6d	-	-	unresolved
max-arm64-6.16.0.70.xapk	config.es.apk	xapk-member	f2e8aaa913807739553bdca8b82725d6759a87f12383b8d1dcdbf843c1f351ab	4962ab2e03cccd76d2365c5b838c3019d8a6ba76f862735ccac044cc4a51321c	237977	com.wbd.stream	1800000516		split:config.es	619cbb027b715560b843d15a5599f900485af1cd4294097811a77609bc8273a8	CN=MLB Advanced Media - HBO NOW, O=MLB Advanced Media, L=New York, ST=NY, C=1	v1,v2,v3	true	3257d599a49d2c961a471ca9843f59d341a405884583fc087df4237b733bbd6d	-	-	unresolved
max-arm64-6.16.0.70.xapk	config.hdpi.apk	xapk-member	f2e8aaa913807739553bdca8b82725d6759a87f12383b8d1dcdbf843c1f351ab	b4e27127ec8d409904793eb64629276edd81afa695f5238674daaac1668a10a6	312161	com.wbd.stream	1800000516		split:config.hdpi	619cbb027b715560b843d15a5599f900485af1cd4294097811a77609bc8273a8	CN=MLB Advanced Media - HBO NOW, O=MLB Advanced Media, L=New York, ST=NY, C=1	v1,v2,v3	true	3257d599a49d2c961a471ca9843f59d341a405884583fc087df4237b733bbd6d	-	-	unresolved
max-arm64-6.16.0.70.xapk	config.sv.apk	xapk-member	f2e8aaa913807739553bdca8b82725d6759a87f12383b8d1dcdbf843c1f351ab	2eed0df51dc09d5bbd21dca75fc2b2b523615d630cdcdd20b66a17339826e921	156057	com.wbd.stream	1800000516		split:config.sv	619cbb027b715560b843d15a5599f900485af1cd4294097811a77609bc8273a8	CN=MLB Advanced Media - HBO NOW, O=MLB Advanced Media, L=New York, ST=NY, C=1	v1,v2,v3	true	3257d599a49d2c961a471ca9843f59d341a405884583fc087df4237b733bbd6d	-	-	unresolved
max-arm64-6.16.0.70.xapk	config.da.apk	xapk-member	f2e8aaa913807739553bdca8b82725d6759a87f12383b8d1dcdbf843c1f351ab	6cb280cd5b70a4a0538298f2d70e450098de1aefd25030f113281ad7c6ede53d	156057	com.wbd.stream	1800000516		split:config.da	619cbb027b715560b843d15a5599f900485af1cd4294097811a77609bc8273a8	CN=MLB Advanced Media - HBO NOW, O=MLB Advanced Media, L=New York, ST=NY, C=1	v1,v2,v3	true	3257d599a49d2c961a471ca9843f59d341a405884583fc087df4237b733bbd6d	-	-	unresolved
max-arm64-6.16.0.70.xapk	config.in.apk	xapk-member	f2e8aaa913807739553bdca8b82725d6759a87f12383b8d1dcdbf843c1f351ab	3bc60c2078cea1c392e3a07744260e9408601ec6f14570c8c19984fa3f2ff99d	176537	com.wbd.stream	1800000516		split:config.in	619cbb027b715560b843d15a5599f900485af1cd4294097811a77609bc8273a8	CN=MLB Advanced Media - HBO NOW, O=MLB Advanced Media, L=New York, ST=NY, C=1	v1,v2,v3	true	3257d599a49d2c961a471ca9843f59d341a405884583fc087df4237b733bbd6d	-	-	unresolved
max-arm64-6.16.0.70.xapk	config.xxxhdpi.apk	xapk-member	f2e8aaa913807739553bdca8b82725d6759a87f12383b8d1dcdbf843c1f351ab	0306283a2c1e0c6569a163e6ed01e6fed33bc089f9bbcdabbd46618923a4be86	419088	com.wbd.stream	1800000516		split:config.xxxhdpi	619cbb027b715560b843d15a5599f900485af1cd4294097811a77609bc8273a8	CN=MLB Advanced Media - HBO NOW, O=MLB Advanced Media, L=New York, ST=NY, C=1	v1,v2,v3	true	3257d599a49d2c961a471ca9843f59d341a405884583fc087df4237b733bbd6d	-	-	unresolved
max-arm64-6.16.0.70.xapk	config.fr.apk	xapk-member	f2e8aaa913807739553bdca8b82725d6759a87f12383b8d1dcdbf843c1f351ab	f75e5f8afd48ca616d350217874749e07d28ded5b8cc1655ca1d09a879be585c	233881	com.wbd.stream	1800000516		split:config.fr	619cbb027b715560b843d15a5599f900485af1cd4294097811a77609bc8273a8	CN=MLB Advanced Media - HBO NOW, O=MLB Advanced Media, L=New York, ST=NY, C=1	v1,v2,v3	true	3257d599a49d2c961a471ca9843f59d341a405884583fc087df4237b733bbd6d	-	-	unresolved
max-arm64-6.16.0.70.xapk	config.tvdpi.apk	xapk-member	f2e8aaa913807739553bdca8b82725d6759a87f12383b8d1dcdbf843c1f351ab	3dce8d0126937e9e0846bbb15e6c58d6ee47abed09a8810654d9065f4a25d580	430898	com.wbd.stream	1800000516		split:config.tvdpi	619cbb027b715560b843d15a5599f900485af1cd4294097811a77609bc8273a8	CN=MLB Advanced Media - HBO NOW, O=MLB Advanced Media, L=New York, ST=NY, C=1	v1,v2,v3	true	3257d599a49d2c961a471ca9843f59d341a405884583fc087df4237b733bbd6d	-	-	unresolved
max-arm64-6.16.0.70.xapk	config.ro.apk	xapk-member	f2e8aaa913807739553bdca8b82725d6759a87f12383b8d1dcdbf843c1f351ab	93cdf63ed57a6ffcba1e547c7ae8c83484c8184af11653b94f9f4b3e1f056321	160153	com.wbd.stream	1800000516		split:config.ro	619cbb027b715560b843d15a5599f900485af1cd4294097811a77609bc8273a8	CN=MLB Advanced Media - HBO NOW, O=MLB Advanced Media, L=New York, ST=NY, C=1	v1,v2,v3	true	3257d599a49d2c961a471ca9843f59d341a405884583fc087df4237b733bbd6d	-	-	unresolved
max-arm64-6.16.0.70.xapk	config.fil.apk	xapk-member	f2e8aaa913807739553bdca8b82725d6759a87f12383b8d1dcdbf843c1f351ab	fed873897cbab89aafa33ca21ffcc0152aec4c48d060f62c46750a5e296b416a	123289	com.wbd.stream	1800000516		split:config.fil	619cbb027b715560b843d15a5599f900485af1cd4294097811a77609bc8273a8	CN=MLB Advanced Media - HBO NOW, O=MLB Advanced Media, L=New York, ST=NY, C=1	v1,v2,v3	true	3257d599a49d2c961a471ca9843f59d341a405884583fc087df4237b733bbd6d	-	-	unresolved
max-arm64-6.16.0.70.xapk	config.armeabi_v7a.apk	xapk-member	f2e8aaa913807739553bdca8b82725d6759a87f12383b8d1dcdbf843c1f351ab	1f2e64652a308373e0e7a875196942a7822792fea3d075b9ae3ac05bfe0c0fb0	1442399	com.wbd.stream	1800000516		split:config.armeabi_v7a	619cbb027b715560b843d15a5599f900485af1cd4294097811a77609bc8273a8	CN=MLB Advanced Media - HBO NOW, O=MLB Advanced Media, L=New York, ST=NY, C=1	v1,v2,v3	true	3257d599a49d2c961a471ca9843f59d341a405884583fc087df4237b733bbd6d	-	-	unresolved
max-latest.xapk	-	xapk-container	07e8691f4bc0c05fa680065894768ca109f9cbcf84d5416ec308fded1b3ffc9f	-	68945202	-	-	-	-	-	-	-	-	-	-	-	unresolved
max-latest.xapk	com.wbd.stream.apk	xapk-member	07e8691f4bc0c05fa680065894768ca109f9cbcf84d5416ec308fded1b3ffc9f	22fb9a05d1807b61e48b32e4603add9ce4b3ae70cec4f2fc99d68d3a5f653bb8	49977157	com.wbd.stream	1827081004	7.8.1.4	base	619cbb027b715560b843d15a5599f900485af1cd4294097811a77609bc8273a8	CN=MLB Advanced Media - HBO NOW, O=MLB Advanced Media, L=New York, ST=NY, C=1	v2,v3	true	3257d599a49d2c961a471ca9843f59d341a405884583fc087df4237b733bbd6d	-	-	unresolved
max-latest.xapk	config.ar.apk	xapk-member	07e8691f4bc0c05fa680065894768ca109f9cbcf84d5416ec308fded1b3ffc9f	cff171c0694fa32866cf5f72042a9d438dc908d7e3f940eac3505077c16589f5	53458	com.wbd.stream	1827081004		split:config.ar	619cbb027b715560b843d15a5599f900485af1cd4294097811a77609bc8273a8	CN=MLB Advanced Media - HBO NOW, O=MLB Advanced Media, L=New York, ST=NY, C=1	v2,v3	true	3257d599a49d2c961a471ca9843f59d341a405884583fc087df4237b733bbd6d	-	-	unresolved
max-latest.xapk	config.armeabi_v7a.apk	xapk-member	07e8691f4bc0c05fa680065894768ca109f9cbcf84d5416ec308fded1b3ffc9f	6ba6507faeb7cd89d8405f6bc4e587a1bd9ba439d0158d1ecb118873a24b9f77	16900578	com.wbd.stream	1827081004		split:config.armeabi_v7a	619cbb027b715560b843d15a5599f900485af1cd4294097811a77609bc8273a8	CN=MLB Advanced Media - HBO NOW, O=MLB Advanced Media, L=New York, ST=NY, C=1	v2,v3	true	3257d599a49d2c961a471ca9843f59d341a405884583fc087df4237b733bbd6d	-	-	unresolved
max-latest.xapk	config.de.apk	xapk-member	07e8691f4bc0c05fa680065894768ca109f9cbcf84d5416ec308fded1b3ffc9f	5a229ad6e9a75c386c397f2c4ca960e3a086fb358163dd8cb84779dcfec79124	73938	com.wbd.stream	1827081004		split:config.de	619cbb027b715560b843d15a5599f900485af1cd4294097811a77609bc8273a8	CN=MLB Advanced Media - HBO NOW, O=MLB Advanced Media, L=New York, ST=NY, C=1	v2,v3	true	3257d599a49d2c961a471ca9843f59d341a405884583fc087df4237b733bbd6d	-	-	unresolved
max-latest.xapk	config.en.apk	xapk-member	07e8691f4bc0c05fa680065894768ca109f9cbcf84d5416ec308fded1b3ffc9f	0bea69c7208c0e786cc9c6aa621e2533691a8a07fa0d8b4bed05db3420e31c77	168146	com.wbd.stream	1827081004		split:config.en	619cbb027b715560b843d15a5599f900485af1cd4294097811a77609bc8273a8	CN=MLB Advanced Media - HBO NOW, O=MLB Advanced Media, L=New York, ST=NY, C=1	v2,v3	true	3257d599a49d2c961a471ca9843f59d341a405884583fc087df4237b733bbd6d	-	-	unresolved
max-latest.xapk	config.es.apk	xapk-member	07e8691f4bc0c05fa680065894768ca109f9cbcf84d5416ec308fded1b3ffc9f	a9f7624729b60608c3ecf8ecccc4fd0316b7b52c3b35587d4a3351f127d3c424	106706	com.wbd.stream	1827081004		split:config.es	619cbb027b715560b843d15a5599f900485af1cd4294097811a77609bc8273a8	CN=MLB Advanced Media - HBO NOW, O=MLB Advanced Media, L=New York, ST=NY, C=1	v2,v3	true	3257d599a49d2c961a471ca9843f59d341a405884583fc087df4237b733bbd6d	-	-	unresolved
max-latest.xapk	config.fr.apk	xapk-member	07e8691f4bc0c05fa680065894768ca109f9cbcf84d5416ec308fded1b3ffc9f	502e2c10c0be5fabc8b9f7a6b260daf89b660f83c259e822f0ecf37d56e8cb74	102610	com.wbd.stream	1827081004		split:config.fr	619cbb027b715560b843d15a5599f900485af1cd4294097811a77609bc8273a8	CN=MLB Advanced Media - HBO NOW, O=MLB Advanced Media, L=New York, ST=NY, C=1	v2,v3	true	3257d599a49d2c961a471ca9843f59d341a405884583fc087df4237b733bbd6d	-	-	unresolved
max-latest.xapk	config.hi.apk	xapk-member	07e8691f4bc0c05fa680065894768ca109f9cbcf84d5416ec308fded1b3ffc9f	97366b3c475e2b915c1b7034b4711b9c8c2bd7b03eedaa94e6d8b7231fb7eb53	57554	com.wbd.stream	1827081004		split:config.hi	619cbb027b715560b843d15a5599f900485af1cd4294097811a77609bc8273a8	CN=MLB Advanced Media - HBO NOW, O=MLB Advanced Media, L=New York, ST=NY, C=1	v2,v3	true	3257d599a49d2c961a471ca9843f59d341a405884583fc087df4237b733bbd6d	-	-	unresolved
max-latest.xapk	config.in.apk	xapk-member	07e8691f4bc0c05fa680065894768ca109f9cbcf84d5416ec308fded1b3ffc9f	f670b20d1be8245a14ae4611209edf37012e8ef0be863c89eba4097d5d8ea8fc	69842	com.wbd.stream	1827081004		split:config.in	619cbb027b715560b843d15a5599f900485af1cd4294097811a77609bc8273a8	CN=MLB Advanced Media - HBO NOW, O=MLB Advanced Media, L=New York, ST=NY, C=1	v2,v3	true	3257d599a49d2c961a471ca9843f59d341a405884583fc087df4237b733bbd6d	-	-	unresolved
max-latest.xapk	config.it.apk	xapk-member	07e8691f4bc0c05fa680065894768ca109f9cbcf84d5416ec308fded1b3ffc9f	c9f0cd9f7f3f3b503e59d43653a94da34f762d23d80ac91ef48c789f9b0e7cd0	73938	com.wbd.stream	1827081004		split:config.it	619cbb027b715560b843d15a5599f900485af1cd4294097811a77609bc8273a8	CN=MLB Advanced Media - HBO NOW, O=MLB Advanced Media, L=New York, ST=NY, C=1	v2,v3	true	3257d599a49d2c961a471ca9843f59d341a405884583fc087df4237b733bbd6d	-	-	unresolved
max-latest.xapk	config.ja.apk	xapk-member	07e8691f4bc0c05fa680065894768ca109f9cbcf84d5416ec308fded1b3ffc9f	56f9d203f02c432140fc5c4c80f443745754e44acea51896be93c9e0b8e31f8b	49362	com.wbd.stream	1827081004		split:config.ja	619cbb027b715560b843d15a5599f900485af1cd4294097811a77609bc8273a8	CN=MLB Advanced Media - HBO NOW, O=MLB Advanced Media, L=New York, ST=NY, C=1	v2,v3	true	3257d599a49d2c961a471ca9843f59d341a405884583fc087df4237b733bbd6d	-	-	unresolved
max-latest.xapk	config.ko.apk	xapk-member	07e8691f4bc0c05fa680065894768ca109f9cbcf84d5416ec308fded1b3ffc9f	d4554bd99a45aefc5a3e95d1cb293f20b9b5b127b29eb9265fb779121cf90234	45266	com.wbd.stream	1827081004		split:config.ko	619cbb027b715560b843d15a5599f900485af1cd4294097811a77609bc8273a8	CN=MLB Advanced Media - HBO NOW, O=MLB Advanced Media, L=New York, ST=NY, C=1	v2,v3	true	3257d599a49d2c961a471ca9843f59d341a405884583fc087df4237b733bbd6d	-	-	unresolved
max-latest.xapk	config.my.apk	xapk-member	07e8691f4bc0c05fa680065894768ca109f9cbcf84d5416ec308fded1b3ffc9f	e8135e1bac69f83f18697dc8ea6ac0fec2a5c3e4cdc4641d46fa0c5b1cd59e8d	57554	com.wbd.stream	1827081004		split:config.my	619cbb027b715560b843d15a5599f900485af1cd4294097811a77609bc8273a8	CN=MLB Advanced Media - HBO NOW, O=MLB Advanced Media, L=New York, ST=NY, C=1	v2,v3	true	3257d599a49d2c961a471ca9843f59d341a405884583fc087df4237b733bbd6d	-	-	unresolved
max-latest.xapk	config.pt.apk	xapk-member	07e8691f4bc0c05fa680065894768ca109f9cbcf84d5416ec308fded1b3ffc9f	4340f0bcade8f2f380406a3a759c2c98674479a4d5858fe067f4914a5753f19e	106706	com.wbd.stream	1827081004		split:config.pt	619cbb027b715560b843d15a5599f900485af1cd4294097811a77609bc8273a8	CN=MLB Advanced Media - HBO NOW, O=MLB Advanced Media, L=New York, ST=NY, C=1	v2,v3	true	3257d599a49d2c961a471ca9843f59d341a405884583fc087df4237b733bbd6d	-	-	unresolved
max-latest.xapk	config.ru.apk	xapk-member	07e8691f4bc0c05fa680065894768ca109f9cbcf84d5416ec308fded1b3ffc9f	fba7aa09a2163c0cfc53ebc257c9786a46f782a3c6fc49258324d8dcb7bba305	86226	com.wbd.stream	1827081004		split:config.ru	619cbb027b715560b843d15a5599f900485af1cd4294097811a77609bc8273a8	CN=MLB Advanced Media - HBO NOW, O=MLB Advanced Media, L=New York, ST=NY, C=1	v2,v3	true	3257d599a49d2c961a471ca9843f59d341a405884583fc087df4237b733bbd6d	-	-	unresolved
max-latest.xapk	config.th.apk	xapk-member	07e8691f4bc0c05fa680065894768ca109f9cbcf84d5416ec308fded1b3ffc9f	9c6b340c74576fdc491540e770814617e6f4de35f117c12c4787e4dca518a3cf	94418	com.wbd.stream	1827081004		split:config.th	619cbb027b715560b843d15a5599f900485af1cd4294097811a77609bc8273a8	CN=MLB Advanced Media - HBO NOW, O=MLB Advanced Media, L=New York, ST=NY, C=1	v2,v3	true	3257d599a49d2c961a471ca9843f59d341a405884583fc087df4237b733bbd6d	-	-	unresolved
max-latest.xapk	config.tr.apk	xapk-member	07e8691f4bc0c05fa680065894768ca109f9cbcf84d5416ec308fded1b3ffc9f	b0e3679132bea13d358c59f1e49fb008dd5f1106806210784f091566eaa3b8de	73938	com.wbd.stream	1827081004		split:config.tr	619cbb027b715560b843d15a5599f900485af1cd4294097811a77609bc8273a8	CN=MLB Advanced Media - HBO NOW, O=MLB Advanced Media, L=New York, ST=NY, C=1	v2,v3	true	3257d599a49d2c961a471ca9843f59d341a405884583fc087df4237b733bbd6d	-	-	unresolved
max-latest.xapk	config.vi.apk	xapk-member	07e8691f4bc0c05fa680065894768ca109f9cbcf84d5416ec308fded1b3ffc9f	f28a5a6a2ae8e0535a4499206fa6dc7d2546af8691158374ebcfb198c59bfebd	73938	com.wbd.stream	1827081004		split:config.vi	619cbb027b715560b843d15a5599f900485af1cd4294097811a77609bc8273a8	CN=MLB Advanced Media - HBO NOW, O=MLB Advanced Media, L=New York, ST=NY, C=1	v2,v3	true	3257d599a49d2c961a471ca9843f59d341a405884583fc087df4237b733bbd6d	-	-	unresolved
max-latest.xapk	config.xhdpi.apk	xapk-member	07e8691f4bc0c05fa680065894768ca109f9cbcf84d5416ec308fded1b3ffc9f	82b49bfc90ad42bdc82af01976baa137806c132dac7820cc7c1edf1c38ed2551	426681	com.wbd.stream	1827081004		split:config.xhdpi	619cbb027b715560b843d15a5599f900485af1cd4294097811a77609bc8273a8	CN=MLB Advanced Media - HBO NOW, O=MLB Advanced Media, L=New York, ST=NY, C=1	v2,v3	true	3257d599a49d2c961a471ca9843f59d341a405884583fc087df4237b733bbd6d	-	-	unresolved
max-latest.xapk	config.zh.apk	xapk-member	07e8691f4bc0c05fa680065894768ca109f9cbcf84d5416ec308fded1b3ffc9f	b852daaf89752c01c91f21edbf2ab7900acc0dac4a689afeb9de00e7f0dd38b8	135378	com.wbd.stream	1827081004		split:config.zh	619cbb027b715560b843d15a5599f900485af1cd4294097811a77609bc8273a8	CN=MLB Advanced Media - HBO NOW, O=MLB Advanced Media, L=New York, ST=NY, C=1	v2,v3	true	3257d599a49d2c961a471ca9843f59d341a405884583fc087df4237b733bbd6d	-	-	unresolved
termux-official-0.119.0-beta.3-arm64.apk	-	apk	3bb969df2400d884ccb929b7d79cc76861f291c98942c401e12408d734a460f3	3bb969df2400d884ccb929b7d79cc76861f291c98942c401e12408d734a460f3	35738948	com.termux	1022	0.119.0-beta.3	base	b6da01480eefd5fbf2cd3771b8d1021ec791304bdd6c4bf41d3faabad48ee5e1	CN=APK Signer, OU=Earth, O=Earth	v2	false		-	-	unresolved
work/com.apple.atve.androidtv.appletv.apk	-	apk	6f2893c493344f0561d34f928660d3ff7a12dfed6797c47972ef59fba10bcc10	6f2893c493344f0561d34f928660d3ff7a12dfed6797c47972ef59fba10bcc10	32690243	com.apple.atve.androidtv.appletv	2050085	2.5.0	base	771d8674d3d9837c9edf11b11873443998f19105abcecab425ed9b8e6fefff9b	CN=Android, OU=Android, O=Google Inc., L=Mountain View, ST=California, C=US	v3	true	3257d599a49d2c961a471ca9843f59d341a405884583fc087df4237b733bbd6d	-	-	unresolved
work/com.disney.disneyplus.apk	-	apk	a2e61621fcd7715a04c5fc3d2920fbde1a108c254e4c0e79a315a68a80dd60e5	a2e61621fcd7715a04c5fc3d2920fbde1a108c254e4c0e79a315a68a80dd60e5	46527509	com.disney.disneyplus	178407745	26.12.1+rc1-2026.07.15	base	b4d251e979ea974d8f070feb5ab69fc4c2873f4e8add421ff63ad5f2789d63d4	CN=Android, OU=Android, O=Google Inc., L=Mountain View, ST=California, C=US	v1,v2,v3	true	3257d599a49d2c961a471ca9843f59d341a405884583fc087df4237b733bbd6d	-	-	unresolved
work/com.wbd.stream.apk	-	apk	22fb9a05d1807b61e48b32e4603add9ce4b3ae70cec4f2fc99d68d3a5f653bb8	22fb9a05d1807b61e48b32e4603add9ce4b3ae70cec4f2fc99d68d3a5f653bb8	49977157	com.wbd.stream	1827081004	7.8.1.4	base	619cbb027b715560b843d15a5599f900485af1cd4294097811a77609bc8273a8	CN=MLB Advanced Media - HBO NOW, O=MLB Advanced Media, L=New York, ST=NY, C=1	v2,v3	true	3257d599a49d2c961a471ca9843f59d341a405884583fc087df4237b733bbd6d	-	-	unresolved
work/config.arm64_v8a.apk	-	apk	c8ee55ff858a5a5d094e2018ba0993ff55caa7201853ca177a06866fc3bebbbc	c8ee55ff858a5a5d094e2018ba0993ff55caa7201853ca177a06866fc3bebbbc	21570367	com.disney.disneyplus	178407745		split:config.arm64_v8a	b4d251e979ea974d8f070feb5ab69fc4c2873f4e8add421ff63ad5f2789d63d4	CN=Android, OU=Android, O=Google Inc., L=Mountain View, ST=California, C=US	v1,v2,v3	true	3257d599a49d2c961a471ca9843f59d341a405884583fc087df4237b733bbd6d	-	-	unresolved
work/config.en.apk	-	apk	826773d9baf12aa8b6f52a40a3c31ef9e2e5afca3d3163fd5ef6ba6abacd8844	826773d9baf12aa8b6f52a40a3c31ef9e2e5afca3d3163fd5ef6ba6abacd8844	287129	com.disney.disneyplus	178407745		split:config.en	b4d251e979ea974d8f070feb5ab69fc4c2873f4e8add421ff63ad5f2789d63d4	CN=Android, OU=Android, O=Google Inc., L=Mountain View, ST=California, C=US	v1,v2,v3	true	3257d599a49d2c961a471ca9843f59d341a405884583fc087df4237b733bbd6d	-	-	unresolved
work/config.mdpi.apk	-	apk	dffa3c5392a3e5159e2b6fe0fa9f0a542d6b2967914db464c86d4c600dd50014	dffa3c5392a3e5159e2b6fe0fa9f0a542d6b2967914db464c86d4c600dd50014	235957	com.apple.atve.androidtv.appletv	2050085		split:config.mdpi	771d8674d3d9837c9edf11b11873443998f19105abcecab425ed9b8e6fefff9b	CN=Android, OU=Android, O=Google Inc., L=Mountain View, ST=California, C=US	v1,v2,v3	true	3257d599a49d2c961a471ca9843f59d341a405884583fc087df4237b733bbd6d	-	-	unresolved
work/config.xxhdpi.apk	-	apk	c182541cc8f01fc9113f1f24b7271d57b4c819f6653b0fb3f23ee524903cafbe	c182541cc8f01fc9113f1f24b7271d57b4c819f6653b0fb3f23ee524903cafbe	515778	com.disney.disneyplus	178407745		split:config.xxhdpi	b4d251e979ea974d8f070feb5ab69fc4c2873f4e8add421ff63ad5f2789d63d4	CN=Android, OU=Android, O=Google Inc., L=Mountain View, ST=California, C=US	v1,v2,v3	true	3257d599a49d2c961a471ca9843f59d341a405884583fc087df4237b733bbd6d	-	-	unresolved
work/hbomax-latest/com.wbd.hbomax.apk	-	apk	dbbce929cd7b181e78b528c552e219ac0492aaaf7c576647955f3d67f0081def	dbbce929cd7b181e78b528c552e219ac0492aaaf7c576647955f3d67f0081def	49985349	com.wbd.hbomax	1827081004	7.8.1.4	base	619cbb027b715560b843d15a5599f900485af1cd4294097811a77609bc8273a8	CN=MLB Advanced Media - HBO NOW, O=MLB Advanced Media, L=New York, ST=NY, C=1	v2,v3	true	3257d599a49d2c961a471ca9843f59d341a405884583fc087df4237b733bbd6d	-	-	unresolved
work/hbomax-latest/config.arm64_v8a.apk	-	apk	22f49563c4ab198ef64992e44e66f53ad3690c836e78c5e0b4ce47b11c0c3d15	22f49563c4ab198ef64992e44e66f53ad3690c836e78c5e0b4ce47b11c0c3d15	18670042	com.wbd.hbomax	1827081004		split:config.arm64_v8a	619cbb027b715560b843d15a5599f900485af1cd4294097811a77609bc8273a8	CN=MLB Advanced Media - HBO NOW, O=MLB Advanced Media, L=New York, ST=NY, C=1	v2,v3	true	3257d599a49d2c961a471ca9843f59d341a405884583fc087df4237b733bbd6d	-	-	unresolved
work/hbomax-latest/config.en.apk	-	apk	b24fab128e1473a4353e7e94d614a8e916ffebb0710e059ca1fae99795050481	b24fab128e1473a4353e7e94d614a8e916ffebb0710e059ca1fae99795050481	168146	com.wbd.hbomax	1827081004		split:config.en	619cbb027b715560b843d15a5599f900485af1cd4294097811a77609bc8273a8	CN=MLB Advanced Media - HBO NOW, O=MLB Advanced Media, L=New York, ST=NY, C=1	v2,v3	true	3257d599a49d2c961a471ca9843f59d341a405884583fc087df4237b733bbd6d	-	-	unresolved
work/hbomax-latest/config.xhdpi.apk	-	apk	8fb7838cdadba2e2073734176699acae2acdf8db10a137fa60480f1d0d2d2754	8fb7838cdadba2e2073734176699acae2acdf8db10a137fa60480f1d0d2d2754	426681	com.wbd.hbomax	1827081004		split:config.xhdpi	619cbb027b715560b843d15a5599f900485af1cd4294097811a77609bc8273a8	CN=MLB Advanced Media - HBO NOW, O=MLB Advanced Media, L=New York, ST=NY, C=1	v2,v3	true	3257d599a49d2c961a471ca9843f59d341a405884583fc087df4237b733bbd6d	-	-	unresolved
work/max-arm64/com.wbd.stream.apk	-	apk	b83cf1b2537748e068c8caea612f540337a5987248a02213b3b02d12dac4bf6d	b83cf1b2537748e068c8caea612f540337a5987248a02213b3b02d12dac4bf6d	121498243	com.wbd.stream	1800000516	6.16.0.70	base	619cbb027b715560b843d15a5599f900485af1cd4294097811a77609bc8273a8	CN=MLB Advanced Media - HBO NOW, O=MLB Advanced Media, L=New York, ST=NY, C=1	v2,v3	true	3257d599a49d2c961a471ca9843f59d341a405884583fc087df4237b733bbd6d	-	-	unresolved
work/max-arm64/config.arm64_v8a.apk	-	apk	704638f5337498489d58a9cfb30bc5b7a19ba39de9d88df5792cf7b34e56039b	704638f5337498489d58a9cfb30bc5b7a19ba39de9d88df5792cf7b34e56039b	1921625	com.wbd.stream	1800000516		split:config.arm64_v8a	619cbb027b715560b843d15a5599f900485af1cd4294097811a77609bc8273a8	CN=MLB Advanced Media - HBO NOW, O=MLB Advanced Media, L=New York, ST=NY, C=1	v1,v2,v3	true	3257d599a49d2c961a471ca9843f59d341a405884583fc087df4237b733bbd6d	-	-	unresolved
work/max-arm64/config.en.apk	-	apk	6b2880e3253975c85c210b20558561a698a4959ba1a0b57f7690d24d981fe1de	6b2880e3253975c85c210b20558561a698a4959ba1a0b57f7690d24d981fe1de	262553	com.wbd.stream	1800000516		split:config.en	619cbb027b715560b843d15a5599f900485af1cd4294097811a77609bc8273a8	CN=MLB Advanced Media - HBO NOW, O=MLB Advanced Media, L=New York, ST=NY, C=1	v1,v2,v3	true	3257d599a49d2c961a471ca9843f59d341a405884583fc087df4237b733bbd6d	-	-	unresolved
work/max-arm64/config.hdpi.apk	-	apk	b4e27127ec8d409904793eb64629276edd81afa695f5238674daaac1668a10a6	b4e27127ec8d409904793eb64629276edd81afa695f5238674daaac1668a10a6	312161	com.wbd.stream	1800000516		split:config.hdpi	619cbb027b715560b843d15a5599f900485af1cd4294097811a77609bc8273a8	CN=MLB Advanced Media - HBO NOW, O=MLB Advanced Media, L=New York, ST=NY, C=1	v1,v2,v3	true	3257d599a49d2c961a471ca9843f59d341a405884583fc087df4237b733bbd6d	-	-	unresolved
work/max-config.en.apk	-	apk	0bea69c7208c0e786cc9c6aa621e2533691a8a07fa0d8b4bed05db3420e31c77	0bea69c7208c0e786cc9c6aa621e2533691a8a07fa0d8b4bed05db3420e31c77	168146	com.wbd.stream	1827081004		split:config.en	619cbb027b715560b843d15a5599f900485af1cd4294097811a77609bc8273a8	CN=MLB Advanced Media - HBO NOW, O=MLB Advanced Media, L=New York, ST=NY, C=1	v2,v3	true	3257d599a49d2c961a471ca9843f59d341a405884583fc087df4237b733bbd6d	-	-	unresolved
work/max-config.xhdpi.apk	-	apk	82b49bfc90ad42bdc82af01976baa137806c132dac7820cc7c1edf1c38ed2551	82b49bfc90ad42bdc82af01976baa137806c132dac7820cc7c1edf1c38ed2551	426681	com.wbd.stream	1827081004		split:config.xhdpi	619cbb027b715560b843d15a5599f900485af1cd4294097811a77609bc8273a8	CN=MLB Advanced Media - HBO NOW, O=MLB Advanced Media, L=New York, ST=NY, C=1	v2,v3	true	3257d599a49d2c961a471ca9843f59d341a405884583fc087df4237b733bbd6d	-	-	unresolved
zoom-official-7.1.6.41876.apk	-	apk	085739b5fa4c9bfee950e7235938fb322747f0328ae462410606f0ad8f5b080b	085739b5fa4c9bfee950e7235938fb322747f0328ae462410606f0ad8f5b080b	329897385	us.zoom.videomeetings	6701060	7.1.6.41876	base	60b75724b34686e52bde944969de120f16bd6d959788d54384494caedd4e445d	O=Zoom Video Communications Inc., C=US	v3	false		-	-	unresolved
zwift-1.119.0-164079/base.apk	-	apk	97b820c716c6c5ed2556630e7e4d833df373617fb916c6ad3403961935d30d1f	97b820c716c6c5ed2556630e7e4d833df373617fb916c6ad3403961935d30d1f	45268623	com.zwift.zwiftgame	164079	1.119.0 (164079)	base	58956ae1b271546ab954ea7ce688ac9082f0406a97cd87b4f3da624018ae9450	CN=zwift coder	v3	false		https://play.google.com/store/apps/details?id=com.zwift.zwiftgame	2026-08-11T13:57:47Z	resolved
zwift-1.119.0-164079/main.164079.com.zwift.zwiftgame.obb	-	obb	66b14c640edcc713a840ab83a30275bb71b83d64bcffb393a4edc27ad0648059	66b14c640edcc713a840ab83a30275bb71b83d64bcffb393a4edc27ad0648059	1756583202	com.zwift.zwiftgame	164079	-	expansion:main	-	-	-	-	-	https://play.google.com/store/apps/details?id=com.zwift.zwiftgame	2026-08-11T13:58:28Z	resolved
paramount-mobile-16.18.0-arm64-v8a.apk	-	apk	20c03caa897562c2b19115a8fcc53bcd44e46d33e19bc849f7f9e8c23e8fa3d4	20c03caa897562c2b19115a8fcc53bcd44e46d33e19bc849f7f9e8c23e8fa3d4	4223459	com.cbs.app	420000795		split:config.arm64_v8a	a7520085336e50053de6b8b92e5ab89b6f62b5c22653e5684870586d02fb014e	CN=CBS Interactive Mobile, OU=CBS Interactive Mobile, O=CBS Interactive, L=San Francisco, ST=California, C=01	v3	true	3257d599a49d2c961a471ca9843f59d341a405884583fc087df4237b733bbd6d	https://play.google.com/store/apps/details?id=com.cbs.app	2026-08-12T02:31:35Z	resolved
paramount-mobile-16.18.0-base.apk	-	apk	2c2ae1d48738cabcdd0048186b57625f3a5677d9218f51c91f2dc1a1bbe26c49	2c2ae1d48738cabcdd0048186b57625f3a5677d9218f51c91f2dc1a1bbe26c49	40388345	com.cbs.app	420000795	16.18.0	base	a7520085336e50053de6b8b92e5ab89b6f62b5c22653e5684870586d02fb014e	CN=CBS Interactive Mobile, OU=CBS Interactive Mobile, O=CBS Interactive, L=San Francisco, ST=California, C=01	v3	true	3257d599a49d2c961a471ca9843f59d341a405884583fc087df4237b733bbd6d	https://play.google.com/store/apps/details?id=com.cbs.app	2026-08-12T02:31:35Z	resolved
paramount-mobile-16.18.0-xxxhdpi.apk	-	apk	43a13ab6fafa9d7919380b707f63af145a753fb246815e488bb233883fa90dd9	43a13ab6fafa9d7919380b707f63af145a753fb246815e488bb233883fa90dd9	924165	com.cbs.app	420000795		split:config.xxxhdpi	a7520085336e50053de6b8b92e5ab89b6f62b5c22653e5684870586d02fb014e	CN=CBS Interactive Mobile, OU=CBS Interactive Mobile, O=CBS Interactive, L=San Francisco, ST=California, C=01	v3	true	3257d599a49d2c961a471ca9843f59d341a405884583fc087df4237b733bbd6d	https://play.google.com/store/apps/details?id=com.cbs.app	2026-08-12T02:31:35Z	resolved
peacock-mobile-7.8.10-base.apk	-	apk	a390c9b54b700109a014daa2880d8f0f0e8c97d6ebc8d54a267d27fa4d3658f1	a390c9b54b700109a014daa2880d8f0f0e8c97d6ebc8d54a267d27fa4d3658f1	51633009	com.peacocktv.peacockandroid	124070810	7.8.10	base	e5efd56fa3246e480546ecac4d7928051422a26c5676190e459791fafa8c8093	CN=Peacock, OU=Sky Lisbon Tech Center, O=Peacock TV LLC, L=New York, ST=NY, C=US	v3	true	3257d599a49d2c961a471ca9843f59d341a405884583fc087df4237b733bbd6d	https://play.google.com/store/apps/details?id=com.peacocktv.peacockandroid	2026-08-12T08:13:00Z	resolved
peacock-mobile-7.8.10-arm64-v8a.apk	-	apk	5750b342c3717af57b5897114efb94f6e15941cd1b282d57f6cc29d19fcc7f86	5750b342c3717af57b5897114efb94f6e15941cd1b282d57f6cc29d19fcc7f86	19739705	com.peacocktv.peacockandroid	124070810		split:config.arm64_v8a	e5efd56fa3246e480546ecac4d7928051422a26c5676190e459791fafa8c8093	CN=Peacock, OU=Sky Lisbon Tech Center, O=Peacock TV LLC, L=New York, ST=NY, C=US	v3	true	3257d599a49d2c961a471ca9843f59d341a405884583fc087df4237b733bbd6d	https://play.google.com/store/apps/details?id=com.peacocktv.peacockandroid	2026-08-12T08:13:00Z	resolved
peacock-mobile-7.8.10-en.apk	-	apk	0ab5b10f8b88c9638b62939eb1d224352d64c942498de509ca4dc14b7f2c7245	0ab5b10f8b88c9638b62939eb1d224352d64c942498de509ca4dc14b7f2c7245	180434	com.peacocktv.peacockandroid	124070810		split:config.en	e5efd56fa3246e480546ecac4d7928051422a26c5676190e459791fafa8c8093	CN=Peacock, OU=Sky Lisbon Tech Center, O=Peacock TV LLC, L=New York, ST=NY, C=US	v3	true	3257d599a49d2c961a471ca9843f59d341a405884583fc087df4237b733bbd6d	https://play.google.com/store/apps/details?id=com.peacocktv.peacockandroid	2026-08-12T08:13:00Z	resolved
peacock-mobile-7.8.10-hdpi.apk	-	apk	d8d07044e0474b96be215fb306b562583842c1619e038d69682a6158b3211a6a	d8d07044e0474b96be215fb306b562583842c1619e038d69682a6158b3211a6a	113408	com.peacocktv.peacockandroid	124070810		split:config.hdpi	e5efd56fa3246e480546ecac4d7928051422a26c5676190e459791fafa8c8093	CN=Peacock, OU=Sky Lisbon Tech Center, O=Peacock TV LLC, L=New York, ST=NY, C=US	v3	true	3257d599a49d2c961a471ca9843f59d341a405884583fc087df4237b733bbd6d	https://play.google.com/store/apps/details?id=com.peacocktv.peacockandroid	2026-08-12T08:13:00Z	resolved
mgm-mobile-237.1-base.apk	-	apk	a69bcfdb5830f45a4c3c00b55d975cf7fa7d58b7f70d9485507b88f51d6e5097	a69bcfdb5830f45a4c3c00b55d975cf7fa7d58b7f70d9485507b88f51d6e5097	125647569	com.epix.epix.now	2026237011	237.1.2026237011	base	9d00e22ea9e1f2f7010ff4667a813d27baa3770fd5bf648a19f358b4780b0230 | 9c0f10cecd2fbd854a05a79ba63d97c1d35a6b077c46c3cb7bdaaf2ef3e7098c	CN=Android, OU=Android, O=Google Inc., L=Mountain View, ST=California, C=US | O=Epix	v3,v3.1	true	3257d599a49d2c961a471ca9843f59d341a405884583fc087df4237b733bbd6d	https://play.google.com/store/apps/details?id=com.epix.epix.now	2026-08-12T08:13:00Z	resolved
mgm-mobile-237.1-arm64-v8a.apk	-	apk	70e0af170248b2b9f994ab7aabf6babd55a7dea80f2b1c2415d7ef5ac9d81378	70e0af170248b2b9f994ab7aabf6babd55a7dea80f2b1c2415d7ef5ac9d81378	5575622	com.epix.epix.now	2026237011		split:config.arm64_v8a	9d00e22ea9e1f2f7010ff4667a813d27baa3770fd5bf648a19f358b4780b0230 | 9c0f10cecd2fbd854a05a79ba63d97c1d35a6b077c46c3cb7bdaaf2ef3e7098c	CN=Android, OU=Android, O=Google Inc., L=Mountain View, ST=California, C=US | O=Epix	v3,v3.1	true	3257d599a49d2c961a471ca9843f59d341a405884583fc087df4237b733bbd6d	https://play.google.com/store/apps/details?id=com.epix.epix.now	2026-08-12T08:13:00Z	resolved
mgm-mobile-237.1-hdpi.apk	-	apk	842bf9190cb1395e84eb5f11f64d71ea96038ddf0849b942ccee2bd0b38bbd8b	842bf9190cb1395e84eb5f11f64d71ea96038ddf0849b942ccee2bd0b38bbd8b	606401	com.epix.epix.now	2026237011		split:config.hdpi	9d00e22ea9e1f2f7010ff4667a813d27baa3770fd5bf648a19f358b4780b0230 | 9c0f10cecd2fbd854a05a79ba63d97c1d35a6b077c46c3cb7bdaaf2ef3e7098c	CN=Android, OU=Android, O=Google Inc., L=Mountain View, ST=California, C=US | O=Epix	v3,v3.1	true	3257d599a49d2c961a471ca9843f59d341a405884583fc087df4237b733bbd6d	https://play.google.com/store/apps/details?id=com.epix.epix.now	2026-08-12T08:13:00Z	resolved
